{
  "timestamp": "2025-09-24T11:20:45.716560+00:00",
  "type": "quality_utils_benchmark",
  "implementation": "python",
  "results": {
    "calculate_quality_score": {
      "small_clean": {
        "mean_ms": 0.24666668934514746,
        "median_ms": 0.24908350314944983,
        "std_ms": 0.014415420940922448,
        "min_ms": 0.23054200573824346,
        "max_ms": 0.3406670002732426,
        "p95_ms": 0.2587076975032687,
        "p99_ms": 0.2843191624560862,
        "iterations": 100,
        "total_time_s": 0.024666668934514746,
        "ops_per_sec": 4054.053681325222,
        "mb_per_sec": 6.147332528407195,
        "text_size_bytes": 1590,
        "data_size": "1KB",
        "description": "Small clean text"
      },
      "small_ocr_artifacts": {
        "mean_ms": 0.4366733199276496,
        "median_ms": 0.43127149547217414,
        "std_ms": 0.02002583398510546,
        "min_ms": 0.4220830014673993,
        "max_ms": 0.5850419984199107,
        "p95_ms": 0.45353125096880825,
        "p99_ms": 0.5030779172375337,
        "iterations": 100,
        "total_time_s": 0.04366733199276496,
        "ops_per_sec": 2290.041443717435,
        "mb_per_sec": 5.547242419283185,
        "text_size_bytes": 2540,
        "data_size": "2KB",
        "description": "Small text with OCR artifacts"
      },
      "pdf_searchable": {
        "mean_ms": 0.45562126993900165,
        "median_ms": 0.4532294988166541,
        "std_ms": 0.010338582289897157,
        "min_ms": 0.44341699685901403,
        "max_ms": 0.5194999976083636,
        "p95_ms": 0.47197470266837627,
        "p99_ms": 0.48720124657847935,
        "iterations": 100,
        "total_time_s": 0.045562126993900165,
        "ops_per_sec": 2194.805348165329,
        "mb_per_sec": 5.959139658190434,
        "text_size_bytes": 2847,
        "data_size": "18KB",
        "description": "Extracted text from searchable PDF"
      },
      "pdf_article": {
        "mean_ms": 11.85369254060788,
        "median_ms": 11.735521002265159,
        "std_ms": 0.4987498752689546,
        "min_ms": 11.33687500259839,
        "max_ms": 15.998916991520673,
        "p95_ms": 12.275148244953016,
        "p99_ms": 12.506567263626511,
        "iterations": 100,
        "total_time_s": 1.185369254060788,
        "ops_per_sec": 84.36189791275943,
        "mb_per_sec": 5.938614971668648,
        "text_size_bytes": 73814,
        "data_size": "278KB",
        "description": "Extracted text from test article PDF"
      },
      "pdf_large": {
        "mean_ms": 0.10948747003567405,
        "median_ms": 0.10866700176848099,
        "std_ms": 0.004242552590431936,
        "min_ms": 0.10575000487733632,
        "max_ms": 0.1398330059600994,
        "p95_ms": 0.1133496938564349,
        "p99_ms": 0.12980925166630192,
        "iterations": 100,
        "total_time_s": 0.010948747003567405,
        "ops_per_sec": 9133.465223684247,
        "mb_per_sec": 5.870776711238081,
        "text_size_bytes": 674,
        "data_size": "3.8MB",
        "description": "Extracted text from large PDF (truncated)"
      },
      "medium_mixed": {
        "mean_ms": 1.5709837796748616,
        "median_ms": 1.560541997605469,
        "std_ms": 0.0453585030479083,
        "min_ms": 1.4043749979464337,
        "max_ms": 1.7786249954951927,
        "p95_ms": 1.6275045018119272,
        "p99_ms": 1.7393546724633782,
        "iterations": 100,
        "total_time_s": 0.15709837796748616,
        "ops_per_sec": 636.5438096419842,
        "mb_per_sec": 6.143401483132249,
        "text_size_bytes": 10120,
        "data_size": "50KB",
        "description": "Medium mixed content (normal + code + navigation + OCR)"
      },
      "large_messy": {
        "mean_ms": 11.243250459665433,
        "median_ms": 11.188187498191837,
        "std_ms": 0.31775415705607973,
        "min_ms": 10.727834000135772,
        "max_ms": 12.063125002896413,
        "p95_ms": 11.754724994534627,
        "p99_ms": 11.899032492365222,
        "iterations": 100,
        "total_time_s": 1.1243250459665433,
        "ops_per_sec": 88.94225060514725,
        "mb_per_sec": 9.66970116518668,
        "text_size_bytes": 114000,
        "data_size": "500KB",
        "description": "Large messy text with various issues"
      }
    },
    "clean_extracted_text": {
      "small_clean": {
        "mean_ms": 0.21393293965957128,
        "median_ms": 0.21314600598998368,
        "std_ms": 0.003709392467116514,
        "min_ms": 0.20579200645443052,
        "max_ms": 0.23374999000225216,
        "p95_ms": 0.21963124891044572,
        "p99_ms": 0.22125124567537574,
        "iterations": 100,
        "total_time_s": 0.021393293965957128,
        "ops_per_sec": 4674.361982737614,
        "mb_per_sec": 7.087932159951026,
        "text_size_bytes": 1590,
        "data_size": "1KB",
        "description": "Small clean text"
      },
      "small_ocr_artifacts": {
        "mean_ms": 0.4171257793495897,
        "median_ms": 0.4165625068708323,
        "std_ms": 0.016720356824037084,
        "min_ms": 0.4006249946542084,
        "max_ms": 0.5680419999407604,
        "p95_ms": 0.42690594418672845,
        "p99_ms": 0.43562950013438306,
        "iterations": 100,
        "total_time_s": 0.04171257793495897,
        "ops_per_sec": 2397.3584216234885,
        "mb_per_sec": 5.807199850963269,
        "text_size_bytes": 2540,
        "data_size": "2KB",
        "description": "Small text with OCR artifacts"
      },
      "pdf_searchable": {
        "mean_ms": 0.38850254990393296,
        "median_ms": 0.3865414983010851,
        "std_ms": 0.009407509941435369,
        "min_ms": 0.37229199369903654,
        "max_ms": 0.4154999915044755,
        "p95_ms": 0.4084452026290819,
        "p99_ms": 0.4148812511994038,
        "iterations": 100,
        "total_time_s": 0.038850254990393296,
        "ops_per_sec": 2573.98567975236,
        "mb_per_sec": 6.9886562635945975,
        "text_size_bytes": 2847,
        "data_size": "18KB",
        "description": "Extracted text from searchable PDF"
      },
      "pdf_article": {
        "mean_ms": 10.376502100843936,
        "median_ms": 10.33112500590505,
        "std_ms": 0.21874398665308137,
        "min_ms": 10.001167000154965,
        "max_ms": 10.94958299654536,
        "p95_ms": 10.765872900810791,
        "p99_ms": 10.945623009611154,
        "iterations": 100,
        "total_time_s": 1.0376502100843936,
        "ops_per_sec": 96.37158941245417,
        "mb_per_sec": 6.78403139199342,
        "text_size_bytes": 73814,
        "data_size": "278KB",
        "description": "Extracted text from test article PDF"
      },
      "pdf_large": {
        "mean_ms": 0.08942538101109676,
        "median_ms": 0.08858299406711012,
        "std_ms": 0.0017787007644782078,
        "min_ms": 0.08666700159665197,
        "max_ms": 0.0982080091489479,
        "p95_ms": 0.09292529139202088,
        "p99_ms": 0.09486774215474726,
        "iterations": 100,
        "total_time_s": 0.008942538101109676,
        "ops_per_sec": 11182.50756880656,
        "mb_per_sec": 7.187852956176397,
        "text_size_bytes": 674,
        "data_size": "3.8MB",
        "description": "Extracted text from large PDF (truncated)"
      },
      "medium_mixed": {
        "mean_ms": 1.1014933905971702,
        "median_ms": 1.1005209962604567,
        "std_ms": 0.03228685837145876,
        "min_ms": 1.0529999999562278,
        "max_ms": 1.3015410077059641,
        "p95_ms": 1.1410590042942204,
        "p99_ms": 1.1757298211159657,
        "iterations": 100,
        "total_time_s": 0.11014933905971702,
        "ops_per_sec": 907.8583753079572,
        "mb_per_sec": 8.761908300510907,
        "text_size_bytes": 10120,
        "data_size": "50KB",
        "description": "Medium mixed content (normal + code + navigation + OCR)"
      },
      "large_messy": {
        "mean_ms": 10.315729149442632,
        "median_ms": 10.27535449975403,
        "std_ms": 0.20214851528130434,
        "min_ms": 9.898874995997176,