{
  "timestamp": 1758651314.576691,
  "version": "re2_optimized",
  "results": [
    {
      "function": "_clean_ocr_artifacts_optimized",
      "input_size": 65600,
      "throughput_mbps": 18.251358659202324,
      "mean_ms": 3.4277467406354845,
      "std_ms": 0.0926644585017178,
      "min_ms": 3.3016250090440735,
      "max_ms": 3.958667002734728,
      "iterations": 100
    }
  ]
}
