{
  "calculate_quality_score": {
    "french-text.txt": {
      "min_ms": 0.0057919969549402595,
      "max_ms": 1.6380000015487894,
      "avg_ms": 0.00834222714183852,
      "median_ms": 0.006749993190169334,
      "p95_ms": 0.006875008693896234,
      "throughput_mb_per_sec": 20.203787382291054
    },
    "receipt_test.txt": {
      "min_ms": 0.0008749921107664704,
      "max_ms": 0.011750002158805728,
      "avg_ms": 0.001026373662170954,
      "median_ms": 0.0010419898899272084,
      "p95_ms": 0.001124994014389813,
      "throughput_mb_per_sec": 86.03287479924586
    },
    "report_test.txt": {
      "min_ms": 0.0012920063454657793,
      "max_ms": 0.006916990969330072,
      "avg_ms": 0.0015358283708337694,
      "median_ms": 0.0015420082490891218,
      "p95_ms": 0.0016669946489855647,
      "throughput_mb_per_sec": 90.91399128022196
    },
    "invoice_test.txt": {
      "min_ms": 0.0007499911589547992,
      "max_ms": 0.0036249984987080097,
      "avg_ms": 0.0008244228665716946,
      "median_ms": 0.0007920025382190943,
      "p95_ms": 0.0009170034900307655,
      "throughput_mb_per_sec": 103.55521258222173
    },
    "spanish-text.txt": {
      "min_ms": 0.005417008651420474,
      "max_ms": 0.012125005014240742,
      "avg_ms": 0.006436733950977214,
      "median_ms": 0.0062920007621869445,
      "p95_ms": 0.007916998583823442,
      "throughput_mb_per_sec": 20.461859046262227
    },
    "contract_test.txt": {
      "min_ms": 0.0011250085663050413,
      "max_ms": 0.018749997252598405,
      "avg_ms": 0.0014029673911863938,
      "median_ms": 0.001333013642579317,
      "p95_ms": 0.0017499987734481692,
      "throughput_mb_per_sec": 92.29011833544386
    },
    "contract.txt": {
      "min_ms": 0.0004169996827840805,
      "max_ms": 0.012917007552459836,
      "avg_ms": 0.0004888378025498241,
      "median_ms": 0.0004580069798976183,
      "p95_ms": 0.000500003807246685,
      "throughput_mb_per_sec": 72.87793099065895
    },
    "form_test.txt": {
      "min_ms": 0.0013329990906640887,
      "max_ms": 0.003374996595084667,
      "avg_ms": 0.0014110153133515269,
      "median_ms": 0.0014160032151266932,
      "p95_ms": 0.00145800004247576,
      "throughput_mb_per_sec": 91.59563032464263
    },
    "german-text.txt": {
      "min_ms": 0.005416004569269717,
      "max_ms": 0.011915995855815709,
      "avg_ms": 0.005662263953126967,
      "median_ms": 0.005541995051316917,
      "p95_ms": 0.0061250029830262065,
      "throughput_mb_per_sec": 23.058908789186095
    },
    "small_text": {
      "min_ms": 0.0004579924279823899,
      "max_ms": 0.0017079873941838741,
      "avg_ms": 0.0005267119995551184,
      "median_ms": 0.0005409965524449944,
      "p95_ms": 0.0005830079317092896,
      "throughput_mb_per_sec": 74.03803426849935
    },
    "medium_text": {
      "min_ms": 0.02479099202901125,
      "max_ms": 0.04433299181982875,
      "avg_ms": 0.02882372005842626,
      "median_ms": 0.028167007258161902,
      "p95_ms": 0.03358299727551639,
      "throughput_mb_per_sec": 101.53969318389645
    },
    "large_text": {
      "min_ms": 0.36125000042375177,
      "max_ms": 0.44883300142828375,
      "avg_ms": 0.3987770399544388,
      "median_ms": 0.3981670015491545,
      "p95_ms": 0.4440000047907233,
      "throughput_mb_per_sec": 112.57020049976192
    },
    "ocr_artifacts": {
      "min_ms": 0.0006249902071431279,
      "max_ms": 0.03416699473746121,
      "avg_ms": 0.0007671501371078193,
      "median_ms": 0.0007080088835209608,
      "p95_ms": 0.0008330098353326321,
      "throughput_mb_per_sec": 78.12488181855551
    },
    "navigation": {
      "min_ms": 0.0006249902071431279,
      "max_ms": 0.06608299736399204,
      "avg_ms": 0.0007873692811699584,
      "median_ms": 0.0007080088835209608,
      "p95_ms": 0.0007920025382190943,
      "throughput_mb_per_sec": 75.43092037653636
    }
  },
  "clean_extracted_text": {
    "french-text.txt": {
      "min_ms": 0.7267080072779208,
      "max_ms": 1.169458992080763,
      "avg_ms": 0.8094866483297665,
      "median_ms": 0.8009169978322461,
      "p95_ms": 0.8785000100033358,
      "throughput_mb_per_sec": 0.1702741078229156
    },
    "receipt_test.txt": {
      "min_ms": 0.7104160031303763,
      "max_ms": 1.108249998651445,
      "avg_ms": 0.7899223607382737,
      "median_ms": 0.7817500008968636,
      "p95_ms": 0.837208004668355,
      "throughput_mb_per_sec": 0.11467270308838085
    },
    "report_test.txt": {
      "min_ms": 0.7320829899981618,
      "max_ms": 1.0709999914979562,
      "avg_ms": 0.8002634800359374,
      "median_ms": 0.7916250033304095,
      "p95_ms": 0.8531249914085492,
      "throughput_mb_per_sec": 0.177091582405724
    },
    "invoice_test.txt": {
      "min_ms": 0.709415995515883,
      "max_ms": 1.0350000084144995,
      "avg_ms": 0.7957346209441312,
      "median_ms": 0.7880000048317015,
      "p95_ms": 0.8528750040568411,
      "throughput_mb_per_sec": 0.10408120648229464
    },
    "spanish-text.txt": {
      "min_ms": 0.7312500092666596,
      "max_ms": 1.079166991985403,
      "avg_ms": 0.7944119910825975,
      "median_ms": 0.7870830013416708,
      "p95_ms": 0.8383329986827448,
      "throughput_mb_per_sec": 0.16357364152876097
    },
    "contract_test.txt": {
      "min_ms": 0.7144999981392175,
      "max_ms": 1.0434159921715036,
      "avg_ms": 0.7993692360032583,
      "median_ms": 0.7908330007921904,
      "p95_ms": 0.8586659969296306,
      "throughput_mb_per_sec": 0.15556253557093735
    },
    "contract.txt": {
      "min_ms": 0.7205410074675456,
      "max_ms": 26.18616700056009,
      "avg_ms": 0.8745725818880601,
      "median_ms": 0.8264170028269291,
      "p95_ms": 0.9432500082766637,
      "throughput_mb_per_sec": 0.04038953816298599
    },
    "form_test.txt": {
      "min_ms": 0.7234579970827326,
      "max_ms": 1.1595830001169816,
      "avg_ms": 0.8328681134735234,
      "median_ms": 0.8245420031016693,
      "p95_ms": 0.9310000023106113,
      "throughput_mb_per_sec": 0.15729909033543502
    },
    "german-text.txt": {
      "min_ms": 0.750833991332911,
      "max_ms": 1.081916008843109,
      "avg_ms": 0.8306475878198398,
      "median_ms": 0.826333009172231,
      "p95_ms": 0.8702079940121621,
      "throughput_mb_per_sec": 0.1546499498143635
    },
    "small_text": {
      "min_ms": 0.715749993105419,
      "max_ms": 1.1032500042347237,
      "avg_ms": 0.8273976672935532,
      "median_ms": 0.8219580049626529,
      "p95_ms": 0.8860829984769225,
      "throughput_mb_per_sec": 0.04873037435882437
    },
    "medium_text": {
      "min_ms": 0.7675829983782023,
      "max_ms": 1.270167005714029,
      "avg_ms": 0.8775537904875819,
      "median_ms": 0.8622909954283386,
      "p95_ms": 1.033958003972657,
      "throughput_mb_per_sec": 3.3168260947473063
    },
    "large_text": {
      "min_ms": 1.2782499979948625,
      "max_ms": 3.9762500091455877,
      "avg_ms": 1.3969792000716552,
      "median_ms": 1.3679999974556267,
      "p95_ms": 1.437375001842156,
      "throughput_mb_per_sec": 32.76442929834962
    },
    "ocr_artifacts": {
      "min_ms": 0.7387079967884347,
      "max_ms": 1.0443750070407987,
      "avg_ms": 0.8271912186028203,
      "median_ms": 0.8232919935835525,
      "p95_ms": 0.8786670077824965,
      "throughput_mb_per_sec": 0.06718528879504887
    },
    "navigation": {
      "min_ms": 0.7587080035591498,
      "max_ms": 1.0855000000447035,
      "avg_ms": 0.8411561001121299,
      "median_ms": 0.8327909890795127,
      "p95_ms": 0.898750004125759,
      "throughput_mb_per_sec": 0.06412864982818751
    }
  },
  "normalize_spaces": {
    "french-text.txt": {
      "min_ms": 0.0007499911589547992,
      "max_ms": 0.03879200085066259,
      "avg_ms": 0.00092357698304113,
      "median_ms": 0.0008750066626816988,
      "p95_ms": 0.0009580107871443033,
      "throughput_mb_per_sec": 155.8564443705305
    },
    "receipt_test.txt": {
      "min_ms": 0.0005839974619448185,
      "max_ms": 0.002749991836026311,