{
  "timestamp": 1758649873.386266,
  "with_stringzilla": true,
  "results": [
    {
      "function": "normalize_spaces",
      "input_size": 22000,
      "mean": 0.857125029724557,
      "std": 0.035417978132405166,
      "min": 0.7473330042557791,
      "max": 0.9405000018887222
    },
    {
      "function": "safe_decode_utf8",
      "input_size": 14400,
      "mean": 1.018796210119035,
      "std": 0.02599715624599184,
      "min": 0.971875007962808,
      "max": 1.0832910047611222
    },
    {
      "function": "safe_decode_utf16",
      "input_size": 16802,
      "mean": 0.04246873038937338,
      "std": 0.003040161090843155,
      "min": 0.03604099038057029,
      "max": 0.05129100463818759
    },
    {
      "function": "fast_tsv_parse",
      "input_size": 322259,
      "mean": 4.891282079770463,
      "std": 1.4974795593444121,
      "min": 4.241166010615416,
      "max": 15.773334002005868
    }
  ]
}
