{
  "timestamp": "2025-09-24T12:59:31.726954",
  "type": "quality_utils_benchmark",
  "implementation": "python",
  "results": {
    "calculate_quality_score": {
      "small_clean": {
        "mean_ms": 0.23397752025630325,
        "median_ms": 0.23299999884329736,
        "std_ms": 0.005651185046564344,
        "min_ms": 0.22679200628772378,
        "max_ms": 0.2704579965211451,
        "p95_ms": 0.24308720530825667,
        "p99_ms": 0.24925516700022865,
        "iterations": 100,
        "total_time_s": 0.023397752025630325,
        "ops_per_sec": 4273.914856882754,
        "mb_per_sec": 6.4807172989307205,
        "text_size_bytes": 1590,
        "data_size": "1KB",
        "description": "Small clean text"
      },
      "small_ocr_artifacts": {
        "mean_ms": 0.4254471298190765,
        "median_ms": 0.4239585032337345,
        "std_ms": 0.00530801789761702,
        "min_ms": 0.4183330020168796,
        "max_ms": 0.44212499051354825,
        "p95_ms": 0.4363667030702345,
        "p99_ms": 0.4407637589611113,
        "iterations": 100,
        "total_time_s": 0.04254471298190765,
        "ops_per_sec": 2350.468318884311,
        "mb_per_sec": 5.693616418806219,
        "text_size_bytes": 2540,
        "data_size": "2KB",
        "description": "Small text with OCR artifacts"
      },
      "pdf_searchable": {
        "mean_ms": 0.45071957996697165,
        "median_ms": 0.44470850843936205,
        "std_ms": 0.030898108775592122,
        "min_ms": 0.38050000148359686,
        "max_ms": 0.5494999932125211,
        "p95_ms": 0.5158208477951121,
        "p99_ms": 0.5318037525285036,
        "iterations": 100,
        "total_time_s": 0.045071957996697165,
        "ops_per_sec": 2218.6744140853148,
        "mb_per_sec": 6.023946816349879,
        "text_size_bytes": 2847,
        "data_size": "18KB",
        "description": "Extracted text from searchable PDF"
      },
      "pdf_article": {
        "mean_ms": 11.879091219889233,
        "median_ms": 11.898666496563237,
        "std_ms": 0.39142419729612626,
        "min_ms": 11.169250006787479,
        "max_ms": 14.703000008012168,
        "p95_ms": 12.22291424201103,
        "p99_ms": 12.675603749667072,
        "iterations": 100,
        "total_time_s": 1.1879091219889233,
        "ops_per_sec": 84.1815237789987,
        "mb_per_sec": 5.925917621825227,
        "text_size_bytes": 73814,
        "data_size": "278KB",
        "description": "Extracted text from test article PDF"
      },
      "pdf_large": {
        "mean_ms": 0.10772495996206999,
        "median_ms": 0.10079149797093123,
        "std_ms": 0.021238644795201017,
        "min_ms": 0.08991599315777421,
        "max_ms": 0.2003339905058965,
        "p95_ms": 0.14878155270707788,
        "p99_ms": 0.20029241364682093,
        "iterations": 100,
        "total_time_s": 0.010772495996206999,
        "ops_per_sec": 9282.89971379057,
        "mb_per_sec": 5.966829688162655,
        "text_size_bytes": 674,
        "data_size": "3.8MB",
        "description": "Extracted text from large PDF (truncated)"
      },
      "medium_mixed": {
        "mean_ms": 1.5836654207669199,
        "median_ms": 1.5706874983152375,
        "std_ms": 0.05402046150609581,
        "min_ms": 1.4798750053159893,
        "max_ms": 1.7652920068940148,
        "p95_ms": 1.6927735530771315,
        "p99_ms": 1.7468948374153115,
        "iterations": 100,
        "total_time_s": 0.15836654207669199,
        "ops_per_sec": 631.446508136631,
        "mb_per_sec": 6.0942064879824684,
        "text_size_bytes": 10120,
        "data_size": "50KB",
        "description": "Medium mixed content (normal + code + navigation + OCR)"
      },
      "large_messy": {
        "mean_ms": 11.281133699667407,
        "median_ms": 11.288437497569248,
        "std_ms": 0.2908230703743516,
        "min_ms": 10.731749993283302,
        "max_ms": 11.956375004956499,
        "p95_ms": 11.817295199580258,
        "p99_ms": 11.873338742152555,
        "iterations": 100,
        "total_time_s": 1.1281133699667407,
        "ops_per_sec": 88.64357312151014,
        "mb_per_sec": 9.637229286052852,
        "text_size_bytes": 114000,
        "data_size": "500KB",
        "description": "Large messy text with various issues"
      }
    },
    "clean_extracted_text": {
      "small_clean": {
        "mean_ms": 0.21247792843496427,
        "median_ms": 0.2098539989674464,
        "std_ms": 0.017214518336172015,
        "min_ms": 0.18558400915935636,
        "max_ms": 0.3168749972246587,
        "p95_ms": 0.2292232595209498,
        "p99_ms": 0.2812765764247162,
        "iterations": 100,
        "total_time_s": 0.021247792843496427,
        "ops_per_sec": 4706.371185777455,
        "mb_per_sec": 7.136469064127114,
        "text_size_bytes": 1590,
        "data_size": "1KB",
        "description": "Small clean text"
      },
      "small_ocr_artifacts": {
        "mean_ms": 0.4220829310361296,
        "median_ms": 0.4196875015622936,
        "std_ms": 0.029627287971250985,
        "min_ms": 0.3587079991120845,
        "max_ms": 0.5284170038066804,
        "p95_ms": 0.4814854059077333,
        "p99_ms": 0.5237966708955355,
        "iterations": 100,
        "total_time_s": 0.04220829310361296,
        "ops_per_sec": 2369.2026530075477,
        "mb_per_sec": 5.738997210158511,
        "text_size_bytes": 2540,
        "data_size": "2KB",
        "description": "Small text with OCR artifacts"
      },
      "pdf_searchable": {
        "mean_ms": 0.3930362699611578,
        "median_ms": 0.3865415055770427,
        "std_ms": 0.03134829084770419,
        "min_ms": 0.34408400824759156,
        "max_ms": 0.6057499995222315,
        "p95_ms": 0.4421958379680291,
        "p99_ms": 0.48241283773677485,
        "iterations": 100,
        "total_time_s": 0.03930362699611578,
        "ops_per_sec": 2544.294449209041,
        "mb_per_sec": 6.908041283510342,
        "text_size_bytes": 2847,
        "data_size": "18KB",
        "description": "Extracted text from searchable PDF"
      },
      "pdf_article": {
        "mean_ms": 10.5470079301449,
        "median_ms": 10.51468749938067,
        "std_ms": 0.32127477047428904,
        "min_ms": 9.98637500742916,
        "max_ms": 11.672666994854808,
        "p95_ms": 11.094114902516594,
        "p99_ms": 11.653444166004192,
        "iterations": 100,
        "total_time_s": 1.05470079301449,
        "ops_per_sec": 94.81361980793177,
        "mb_per_sec": 6.674358875754047,
        "text_size_bytes": 73814,
        "data_size": "278KB",
        "description": "Extracted text from test article PDF"
      },
      "pdf_large": {
        "mean_ms": 0.08896126004401594,
        "median_ms": 0.08714599971426651,
        "std_ms": 0.007120928059270315,
        "min_ms": 0.08616699778940529,
        "max_ms": 0.15183299547061324,
        "p95_ms": 0.09557229277561419,
        "p99_ms": 0.10773740854347147,
        "iterations": 100,
        "total_time_s": 0.008896126004401594,
        "ops_per_sec": 11240.847977032065,
        "mb_per_sec": 7.225352798957454,
        "text_size_bytes": 674,
        "data_size": "3.8MB",
        "description": "Extracted text from large PDF (truncated)"
      },
      "medium_mixed": {
        "mean_ms": 1.0763715796929318,
        "median_ms": 1.059604503097944,
        "std_ms": 0.040243491510146716,
        "min_ms": 1.0333749960409477,
        "max_ms": 1.3182080001570284,
        "p95_ms": 1.1339704935380723,
        "p99_ms": 1.1643045717210052,
        "iterations": 100,
        "total_time_s": 0.10763715796929318,
        "ops_per_sec": 929.0471978880015,
        "mb_per_sec": 8.966405527712416,
        "text_size_bytes": 10120,
        "data_size": "50KB",
        "description": "Medium mixed content (normal + code + navigation + OCR)"
      },
      "large_messy": {
        "mean_ms": 10.325196260091616,
        "median_ms": 10.299082998244558,
        "std_ms": 0.2741003313423166,
        "min_ms": 9.86266699328553,