{
  "technical_moderate": {
    "timing": {
      "avg_ms": 6.782765838433988,
      "min_ms": 6.242874980671331,
      "max_ms": 7.071750005707145,
      "memory_mb": 0.578125
    },
    "original": {
      "chars": 40000,
      "tokens": 5900,
      "unique_tokens": 74,
      "lines": 651,
      "punctuation": 0,
      "numbers": 0,
      "avg_token_length": 5.3559322033898304
    },
    "reduced": {
      "chars": 17897,
      "tokens": 1850,
      "unique_tokens": 36,
      "lines": 649,
      "punctuation": 0,
      "numbers": 0,
      "avg_token_length": 8.594594594594595
    },
    "reduction": {
      "char_reduction_pct": 55.25750000000001,
      "token_reduction_pct": 68.64406779661016,
      "unique_token_reduction_pct": 51.35135135135135,
      "tokens_removed": 4050,
      "chars_removed": 22103
    },
    "performance": {
      "tokens_per_sec": 869851.6417252873,
      "mb_per_sec": 5.624102846082832,
      "ms_per_kb": 0.1736388054639101
    }
  },
  "natural_moderate": {
    "timing": {
      "avg_ms": 4.507342440774664,
      "min_ms": 4.186167003354058,
      "max_ms": 4.69358402187936,
      "memory_mb": 0.09375
    },
    "original": {
      "chars": 26200,
      "tokens": 4800,
      "unique_tokens": 60,
      "lines": 401,
      "punctuation": 0,
      "numbers": 0,
      "avg_token_length": 4.116666666666666
    },
    "reduced": {
      "chars": 10677,
      "tokens": 1360,
      "unique_tokens": 29,
      "lines": 399,
      "punctuation": 0,
      "numbers": 0,
      "avg_token_length": 6.794117647058823
    },
    "reduction": {
      "char_reduction_pct": 59.248091603053446,
      "token_reduction_pct": 71.66666666666667,
      "unique_token_reduction_pct": 51.66666666666666,
      "tokens_removed": 3440,
      "chars_removed": 15523
    },
    "performance": {
      "tokens_per_sec": 1064929.071414205,
      "mb_per_sec": 5.543458793769712,
      "ms_per_kb": 0.17616483432646016
    }
  },
  "mixed_moderate": {
    "timing": {
      "avg_ms": 6.078678297344595,
      "min_ms": 5.812041985336691,
      "max_ms": 6.2807080103084445,
      "memory_mb": 0.125
    },
    "original": {
      "chars": 44160,
      "tokens": 5580,
      "unique_tokens": 58,
      "lines": 1201,
      "punctuation": 0,
      "numbers": 0,
      "avg_token_length": 5.365591397849462
    },
    "reduced": {
      "chars": 27957,
      "tokens": 3720,
      "unique_tokens": 44,
      "lines": 1199,
      "punctuation": 0,
      "numbers": 0,
      "avg_token_length": 6.387096774193548
    },
    "reduction": {
      "char_reduction_pct": 36.69157608695652,
      "token_reduction_pct": 33.333333333333336,
      "unique_token_reduction_pct": 24.13793103448276,
      "tokens_removed": 1860,
      "chars_removed": 16203
    },
    "performance": {
      "tokens_per_sec": 917962.7094984716,
      "mb_per_sec": 6.928193227612844,
      "ms_per_kb": 0.14095485906886018
    }
  },
  "lists_moderate": {
    "timing": {
      "avg_ms": 2.8965174191398546,
      "min_ms": 2.7672500000335276,
      "max_ms": 3.000499971676618,
      "memory_mb": 0.203125
    },
    "original": {
      "chars": 38400,
      "tokens": 5400,
      "unique_tokens": 77,
      "lines": 901,
      "punctuation": 0,
      "numbers": 200,
      "avg_token_length": 5.4907407407407405
    },
    "reduced": {
      "chars": 31947,
      "tokens": 4550,
      "unique_tokens": 71,
      "lines": 899,
      "punctuation": 0,
      "numbers": 200,
      "avg_token_length": 5.846153846153846
    },
    "reduction": {
      "char_reduction_pct": 16.804687500000004,
      "token_reduction_pct": 15.740740740740744,
      "unique_token_reduction_pct": 7.792207792207795,
      "tokens_removed": 850,
      "chars_removed": 6453
    },
    "performance": {
      "tokens_per_sec": 1864307.7940140874,
      "mb_per_sec": 12.64314638952696,
      "ms_per_kb": 0.07724046451039612
    }
  },
  "academic_moderate": {
    "timing": {
      "avg_ms": 5.862663417938165,
      "min_ms": 5.2625410025939345,
      "max_ms": 14.425999979721382,
      "memory_mb": 0.78125
    },
    "original": {
      "chars": 34200,
      "tokens": 4140,
      "unique_tokens": 72,
      "lines": 586,
      "punctuation": 0,
      "numbers": 0,
      "avg_token_length": 6.717391304347826
    },
    "reduced": {
      "chars": 19077,
      "tokens": 1755,
      "unique_tokens": 39,
      "lines": 584,
      "punctuation": 0,
      "numbers": 0,
      "avg_token_length": 9.794871794871796
    },
    "reduction": {
      "char_reduction_pct": 44.219298245614034,
      "token_reduction_pct": 57.608695652173914,
      "unique_token_reduction_pct": 45.833333333333336,
      "tokens_removed": 2385,
      "chars_removed": 15123
    },
    "performance": {
      "tokens_per_sec": 706163.6844668105,
      "mb_per_sec": 5.5632840052353405,
      "ms_per_kb": 0.17553705672423045
    }
  },
  "technical_light": {
    "timing": {
      "avg_ms": 3.2262541993986815,
      "min_ms": 3.0581249739043415,
      "max_ms": 3.3528750063851476,
      "memory_mb": 0.0
    },
    "original": {
      "chars": 40000,
      "tokens": 5900,
      "unique_tokens": 74,
      "lines": 651,
      "punctuation": 0,
      "numbers": 0,
      "avg_token_length": 5.3559322033898304
    },
    "reduced": {
      "chars": 37794,
      "tokens": 5900,
      "unique_tokens": 74,
      "lines": 649,
      "punctuation": 0,
      "numbers": 0,
      "avg_token_length": 5.3559322033898304
    },
    "reduction": {
      "char_reduction_pct": 5.515000000000003,
      "token_reduction_pct": 0.0,
      "unique_token_reduction_pct": 0.0,
      "tokens_removed": 0,
      "chars_removed": 2206
    },
    "performance": {
      "tokens_per_sec": 1828746.1667154618,
      "mb_per_sec": 11.823920341850291,
      "ms_per_kb": 0.08259210750460624
    }
  },
  "natural_light": {
    "timing": {
      "avg_ms": 2.6512483408441767,
      "min_ms": 2.123957994626835,
      "max_ms": 6.004790979204699,
      "memory_mb": 0.71875
    },
    "original": {
      "chars": 26200,
      "tokens": 4800,
      "unique_tokens": 60,
      "lines": 401,
      "punctuation": 0,
      "numbers": 0,
      "avg_token_length": 4.116666666666666
    },
    "reduced": {
      "chars": 24754,
      "tokens": 4800,
      "unique_tokens": 60,
      "lines": 399,
      "punctuation": 0,
      "numbers": 0,
      "avg_token_length": 4.116666666666666
    },
    "reduction": {
      "char_reduction_pct": 5.519083969465644,
      "token_reduction_pct": 0.0,
      "unique_token_reduction_pct": 0.0,
      "tokens_removed": 0,
      "chars_removed": 1446
    },
    "performance": {
      "tokens_per_sec": 1810467.8939550587,
      "mb_per_sec": 9.4243404908225,
      "ms_per_kb": 0.10362130919940599
    }
  },
  "mixed_light": {
    "timing": {
      "avg_ms": 2.9929600202012807,
      "min_ms": 2.8157089836895466,
      "max_ms": 3.1269160099327564,
      "memory_mb": 0.0
    },
    "original": {
      "chars": 44160,
      "tokens": 5580,
      "unique_tokens": 58,
      "lines": 1201,
      "punctuation": 0,
      "numbers": 0,
      "avg_token_length": 5.365591397849462
    },
    "reduced": {
      "chars": 37674,
      "tokens": 5580,
      "unique_tokens": 58,
      "lines": 1199,
      "punctuation": 0,
      "numbers": 0,
      "avg_token_length": 5.365591397849462
    },
    "reduction": {
      "char_reduction_pct": 14.687499999999998,
      "token_reduction_pct": 0.0,
      "unique_token_reduction_pct": 0.0,
      "tokens_removed": 0,
      "chars_removed": 6486
    },
    "performance": {
      "tokens_per_sec": 1864375.0542396947,
      "mb_per_sec": 14.071106038251644,
      "ms_per_kb": 0.06940197148292825
    }
  },
  "lists_light": {
    "timing": {
      "avg_ms": 1.01357834180817,
      "min_ms": 0.9093749977182597,
      "max_ms": 1.5912909875623882,
      "memory_mb": 0.0
    },
    "original": {
      "chars": 38400,
      "tokens": 5400,
      "unique_tokens": 77,
      "lines": 901,